[{
  "_id": {
    "$oid": "6578a3f28f6ae963b9109b23"
  },
  "marque": "Toyota",
  "modele": "Corolla",
  "couleur": "Noir",
  "plaque": "IUN927",
  "valet": null,
  "isParked": true,
  "isMoving": false,
  "latitude": 46.7922,
  "longitude": -71.2639,
  "timeToLeave": {
    "$date": "2023-12-12T15:34:13.091Z"
  },
  "createdAt": {
    "$date": "2023-12-12T18:18:26.545Z"
  },
  "updatedAt": {
    "$date": "2023-12-12T19:13:22.984Z"
  },
  "__v": 0
},
{
  "_id": {
    "$oid": "6578a7cf8f6ae963b9109b76"
  },
  "marque": "Honda",
  "modele": "Civic",
  "couleur": "Bleu",
  "plaque": "LI7C85",
  "valet": null,
  "isParked": true,
  "isMoving": false,
  "latitude": 46.79056966389957,
  "longitude": -71.25771045684816,
  "timeToLeave": {
    "$date": "2023-12-12T19:39:36.251Z"
  },
  "createdAt": {
    "$date": "2023-12-12T18:34:55.078Z"
  },
  "updatedAt": {
    "$date": "2023-12-12T18:39:36.258Z"
  },
  "__v": 0
},
{
  "_id": {
    "$oid": "6578a91c8f6ae963b9109b97"
  },
  "marque": "Tesla",
  "modele": "X",
  "couleur": "Jaune",
  "plaque": "UHY798",
  "valet": null,
  "isParked": true,
  "isMoving": false,
  "latitude": 46.7922,
  "longitude": -71.2639,
  "timeToLeave": {
    "$date": "2023-12-13T15:00:44.177Z"
  },
  "createdAt": {
    "$date": "2023-12-12T18:40:28.073Z"
  },
  "updatedAt": {
    "$date": "2023-12-12T18:40:44.188Z"
  },
  "__v": 0
},
{
  "_id": {
    "$oid": "6578a9a68f6ae963b9109ba4"
  },
  "marque": "Mazda",
  "modele": "3",
  "couleur": "Gris",
  "plaque": "L0HF1C",
  "valet": null,
  "isParked": false,
  "isMoving": false,
  "latitude": 46.795123793328344,
  "longitude": -71.25783920288087,
  "timeToLeave": {
    "$date": "2023-12-12T20:47:48.285Z"
  },
  "createdAt": {
    "$date": "2023-12-12T18:42:46.353Z"
  },
  "updatedAt": {
    "$date": "2023-12-12T19:48:23.361Z"
  },
  "__v": 0
},
{
  "_id": {
    "$oid": "6578aa90b51b26fb464ffca6"
  },
  "marque": "Infinity",
  "modele": "Q50",
  "couleur": "BlancLuxe",
  "plaque": "K00LA1",
  "valet": {
    "$oid": "657897753e99232246a229d6"
  },
  "isParked": true,
  "isMoving": true,
  "latitude": 46.7964165082308,
  "longitude": -71.28942489624025,
  "timeToLeave": {
    "$date": "2023-12-12T20:46:28.970Z"
  },
  "createdAt": {
    "$date": "2023-12-12T18:46:40.740Z"
  },
  "updatedAt": {
    "$date": "2023-12-12T19:51:08.586Z"
  },
  "__v": 0
},
{
  "_id": {
    "$oid": "6578aad8b51b26fb464ffcb7"
  },
  "marque": "Toyota",
  "modele": "Prius",
  "couleur": "Bleu Minuit",
  "plaque": "JUHBG4",
  "valet": null,
  "isParked": true,
  "isMoving": false,
  "latitude": 46.76503002054649,
  "longitude": -71.29440307617189,
  "timeToLeave": {
    "$date": "2023-12-12T19:48:05.926Z"
  },
  "createdAt": {
    "$date": "2023-12-12T18:47:52.617Z"
  },
  "updatedAt": {
    "$date": "2023-12-12T18:48:05.936Z"
  },
  "__v": 0
},
{
  "_id": {
    "$oid": "6578abd3b51b26fb464ffcf3"
  },
  "marque": "Dodge",
  "modele": "4X4",
  "couleur": "Bois",
  "plaque": "D3MF0K",
  "valet": null,
  "isParked": false,
  "isMoving": false,
  "latitude": 46.766676208527166,
  "longitude": -71.29371643066408,
  "timeToLeave": {
    "$date": "2023-12-12T20:43:44.275Z"
  },
  "createdAt": {
    "$date": "2023-12-12T18:52:03.802Z"
  },
  "updatedAt": {
    "$date": "2023-12-12T19:45:20.835Z"
  },
  "__v": 0
}]