[{
  "_id": {
    "$oid": "6578b834b51b26fb4650020e"
  },
  "userId": {
    "$oid": "657896eb3e99232246a229d0"
  },
  "price": 20,
  "createdAt": {
    "$date": "2023-12-12T19:44:52.718Z"
  },
  "updatedAt": {
    "$date": "2023-12-12T19:44:52.718Z"
  },
  "__v": 0
},
{
  "_id": {
    "$oid": "6578b84ab51b26fb4650021f"
  },
  "userId": {
    "$oid": "6578ab8eb51b26fb464ffcee"
  },
  "price": 40,
  "createdAt": {
    "$date": "2023-12-12T19:45:14.678Z"
  },
  "updatedAt": {
    "$date": "2023-12-12T19:45:14.678Z"
  },
  "__v": 0
},
{
  "_id": {
    "$oid": "6578b90fb51b26fb46500277"
  },
  "userId": {
    "$oid": "657896eb3e99232246a229d0"
  },
  "price": 5,
  "createdAt": {
    "$date": "2023-12-12T19:48:31.502Z"
  },
  "updatedAt": {
    "$date": "2023-12-12T19:48:31.502Z"
  },
  "__v": 0
}]