[{
  "_id": {
    "$oid": "6578acbcb51b26fb464ffd17"
  },
  "price": 5,
  "isPaid": true,
  "userId": {
    "$oid": "6578ab8eb51b26fb464ffcee"
  },
  "valetId": {
    "$oid": "657897753e99232246a229d6"
  },
  "createdAt": {
    "$date": "2023-12-12T18:55:56.921Z"
  },
  "updatedAt": {
    "$date": "2023-12-12T19:45:14.663Z"
  },
  "__v": 0
},
{
  "_id": {
    "$oid": "6578acc8b51b26fb464ffd34"
  },
  "price": 5,
  "isPaid": true,
  "userId": {
    "$oid": "6578ab8eb51b26fb464ffcee"
  },
  "valetId": {
    "$oid": "657897753e99232246a229d6"
  },
  "createdAt": {
    "$date": "2023-12-12T18:56:08.358Z"
  },
  "updatedAt": {
    "$date": "2023-12-12T19:45:14.665Z"
  },
  "__v": 0
},
{
  "_id": {
    "$oid": "6578acd5b51b26fb464ffd51"
  },
  "price": 5,
  "isPaid": true,
  "userId": {
    "$oid": "6578ab8eb51b26fb464ffcee"
  },
  "valetId": {
    "$oid": "657897753e99232246a229d6"
  },
  "createdAt": {
    "$date": "2023-12-12T18:56:21.060Z"
  },
  "updatedAt": {
    "$date": "2023-12-12T19:45:14.667Z"
  },
  "__v": 0
},
{
  "_id": {
    "$oid": "6578acdfb51b26fb464ffd6e"
  },
  "price": 5,
  "isPaid": true,
  "userId": {
    "$oid": "6578ab8eb51b26fb464ffcee"
  },
  "valetId": {
    "$oid": "657897753e99232246a229d6"
  },
  "createdAt": {
    "$date": "2023-12-12T18:56:31.288Z"
  },
  "updatedAt": {
    "$date": "2023-12-12T19:45:14.669Z"
  },
  "__v": 0
},
{
  "_id": {
    "$oid": "6578acfbb51b26fb464ffd8b"
  },
  "price": 5,
  "isPaid": true,
  "userId": {
    "$oid": "6578ab8eb51b26fb464ffcee"
  },
  "valetId": {
    "$oid": "657897753e99232246a229d6"
  },
  "createdAt": {
    "$date": "2023-12-12T18:56:59.219Z"
  },
  "updatedAt": {
    "$date": "2023-12-12T19:45:14.670Z"
  },
  "__v": 0
},
{
  "_id": {
    "$oid": "6578b101b51b26fb4650000f"
  },
  "price": 5,
  "isPaid": true,
  "userId": {
    "$oid": "6578ab8eb51b26fb464ffcee"
  },
  "valetId": {
    "$oid": "657897753e99232246a229d6"
  },
  "createdAt": {
    "$date": "2023-12-12T19:14:09.961Z"
  },
  "updatedAt": {
    "$date": "2023-12-12T19:45:14.672Z"
  },
  "__v": 0
},
{
  "_id": {
    "$oid": "6578b250b51b26fb4650007d"
  },
  "price": 5,
  "isPaid": true,
  "userId": {
    "$oid": "6578ab8eb51b26fb464ffcee"
  },
  "valetId": {
    "$oid": "657897753e99232246a229d6"
  },
  "createdAt": {
    "$date": "2023-12-12T19:19:44.624Z"
  },
  "updatedAt": {
    "$date": "2023-12-12T19:45:14.674Z"
  },
  "__v": 0
},
{
  "_id": {
    "$oid": "6578b44db51b26fb465000eb"
  },
  "price": 5,
  "isPaid": true,
  "userId": {
    "$oid": "657896eb3e99232246a229d0"
  },
  "valetId": {
    "$oid": "657897753e99232246a229d6"
  },
  "createdAt": {
    "$date": "2023-12-12T19:28:13.025Z"
  },
  "updatedAt": {
    "$date": "2023-12-12T19:44:52.706Z"
  },
  "__v": 0
},
{
  "_id": {
    "$oid": "6578b477b51b26fb46500113"
  },
  "price": 5,
  "isPaid": true,
  "userId": {
    "$oid": "657896eb3e99232246a229d0"
  },
  "valetId": {
    "$oid": "657897753e99232246a229d6"
  },
  "createdAt": {
    "$date": "2023-12-12T19:28:55.829Z"
  },
  "updatedAt": {
    "$date": "2023-12-12T19:44:52.712Z"
  },
  "__v": 0
},
{
  "_id": {
    "$oid": "6578b539b51b26fb46500167"
  },
  "price": 5,
  "isPaid": true,
  "userId": {
    "$oid": "657896eb3e99232246a229d0"
  },
  "valetId": {
    "$oid": "657897753e99232246a229d6"
  },
  "createdAt": {
    "$date": "2023-12-12T19:32:09.972Z"
  },
  "updatedAt": {
    "$date": "2023-12-12T19:44:52.713Z"
  },
  "__v": 0
},
{
  "_id": {
    "$oid": "6578b78fb51b26fb465001d3"
  },
  "price": 5,
  "isPaid": true,
  "userId": {
    "$oid": "657896eb3e99232246a229d0"
  },
  "valetId": {
    "$oid": "657897753e99232246a229d6"
  },
  "createdAt": {
    "$date": "2023-12-12T19:42:07.624Z"
  },
  "updatedAt": {
    "$date": "2023-12-12T19:44:52.715Z"
  },
  "__v": 0
},
{
  "_id": {
    "$oid": "6578b7f0b51b26fb465001f6"
  },
  "price": 5,
  "isPaid": true,
  "userId": {
    "$oid": "6578ab8eb51b26fb464ffcee"
  },
  "valetId": {
    "$oid": "657897753e99232246a229d6"
  },
  "createdAt": {
    "$date": "2023-12-12T19:43:44.304Z"
  },
  "updatedAt": {
    "$date": "2023-12-12T19:45:14.676Z"
  },
  "__v": 0
},
{
  "_id": {
    "$oid": "6578b895b51b26fb46500242"
  },
  "price": 5,
  "isPaid": false,
  "userId": {
    "$oid": "657897083e99232246a229d3"
  },
  "valetId": {
    "$oid": "657897753e99232246a229d6"
  },
  "createdAt": {
    "$date": "2023-12-12T19:46:29.002Z"
  },
  "updatedAt": {
    "$date": "2023-12-12T19:46:29.002Z"
  },
  "__v": 0
},
{
  "_id": {
    "$oid": "6578b8e4b51b26fb4650025f"
  },
  "price": 5,
  "isPaid": true,
  "userId": {
    "$oid": "657896eb3e99232246a229d0"
  },
  "valetId": {
    "$oid": "657897753e99232246a229d6"
  },
  "createdAt": {
    "$date": "2023-12-12T19:47:48.328Z"
  },
  "updatedAt": {
    "$date": "2023-12-12T19:48:31.500Z"
  },
  "__v": 0
}]