[
	{
		"id": "657896703e99232246a229c7",
		"email": "user1@test.com",
		"username": "Ziad",
		"password": "$2a$10$VURsE2RHNmvVzrp6sAXQAe7ZHwsG.nHGii8c3Bjbg8td1vQe33Bje",
		"isValet": false,
		"price": 0,
		"voiture": "6578a3f28f6ae963b9109b23"
	},
	{
		"id": "657896a43e99232246a229ca",
		"email": "user2@test.com",
		"username": "DonnezMoiCent",
		"password": "$2a$10$/cT9mTANiqZ5Q3RPOLtrV.RDc.FsrzkkauVDrsBs5me1FhB2SZuyW",
		"isValet": false,
		"price": 0,
		"voiture": "6578a7cf8f6ae963b9109b76"
	},
	{
		"id": "657896cf3e99232246a229cd",
		"email": "user3@test.com",
		"username": "Gilles",
		"password": "$2a$10$AsLzDECUV4SJ2Z5aiv8hZeh8NxBy5aI6dVLJoycK17kbTxFimkGBS",
		"isValet": false,
		"price": 0,
		"voiture": "6578a91c8f6ae963b9109b97"
	},
	{
		"id": "657896eb3e99232246a229d0",
		"email": "user4@test.com",
		"username": "Wily",
		"password": "$2a$10$lXtpHv3ytfc7rIpRtQHxDOUGnctLSvS0ozcQh.XSLPm27lMvy4T8u",
		"isValet": false,
		"price": 0,
		"voiture": "6578a9a68f6ae963b9109ba4"
	},
	{
		"id": "657897083e99232246a229d3",
		"email": "user5@test.com",
		"username": "FinalUser!",
		"password": "$2a$10$umY/EOz2.AVjPQw6cspe0.akxtp4Ob2kFQz9qcgL4H2hnvN8UB3D2",
		"isValet": false,
		"price": 0,
		"voiture": "6578aa90b51b26fb464ffca6"
	},
	{
		"id": "657897753e99232246a229d6",
		"email": "valet@test.com",
		"username": "Champlain",
		"password": "$2a$10$2Yb4Wgb6wQVIaY1O8h/szuxb/.WZ.pYngrmEhQOPGakLbFu0XQbrG",
		"isValet": true,
		"price": 5,
		"voiture": "6578aad8b51b26fb464ffcb7"
	},
	{
		"id": "6578ab8eb51b26fb464ffcee",
		"email": "user8@test.com",
		"username": "MichealD",
		"password": "$2a$10$sorZGb6C6LNZ9FdfSZaBzO80MYloyUL.mKs4T.jamyTRwmViEpJly",
		"isValet": false,
		"price": 0,
		"voiture": "6578abd3b51b26fb464ffcf3"
	}
]
